Sec,Date,Home,Away,HomeID,W/L,AwayID,HomeGF,AwayGF,Stadium,Attendances,Points/M,GD,HomeElo,AwayElo,HomeED,AwayED
1,2020-02-21 00:00:00,shonan-bellmare,urawa-red-diamonds,10,2,4,2,3,ＢＭＷス,13071,2.5,3.0,1297.0,1475.0,-4.0,4.0
1,2020-02-22 00:00:00,vegalta-sendai,nagoya-grampus-eight,2,0,12,1,1,ユアスタ,13968,2.0,3.0,1362.0,1340.0,-2.0,2.0
1,2020-02-22 00:00:00,cerezo-osaka,oita-trinita,14,1,18,1,0,ヤンマー,15535,1.75,3.0,1478.0,1285.0,1.0,-2.0
1,2020-02-22 00:00:00,kawasaki-frontale,sagan-tosu,7,0,17,0,0,等々力,21117,2.0,4.0,1565.0,1348.0,-4.0,3.0
1,2020-02-23 00:00:00,shimizu-s-pulse,fc-tokyo,11,2,6,1,3,アイスタ,17549,1.0,-3.0,1334.0,1483.0,-6.0,14.0
1,2020-02-23 00:00:00,sanfrecce-hiroshima,kashima-antlers,16,1,3,3,0,Ｅスタ,18713,1.33,-1.0,1502.0,1553.0,8.0,-8.0
1,2020-02-23 00:00:00,yokohama-fa-marinos,gamba-osaka,8,2,13,1,2,日産ス,34521,2.0,8.0,1522.0,1439.0,12.0,8.0
2,2020-07-04 00:00:00,gamba-osaka,cerezo-osaka,13,2,14,1,2,パナスタ,0,1.75,2.0,1453.0,1479.0,14.0,1.0
2,2020-07-04 00:00:00,shimizu-s-pulse,nagoya-grampus-eight,11,2,12,1,2,アイスタ,0,3.0,6.0,1323.0,1371.0,-11.0,31.0
2,2020-07-04 00:00:00,oita-trinita,sagan-tosu,18,1,17,2,0,昭和電ド,0,2.0,2.0,1284.0,1333.0,-1.0,-15.0
2,2020-07-04 00:00:00,kashiwa-reysol,fc-tokyo,5,2,6,0,1,三協Ｆ柏,0,1.71,2.0,1423.0,1496.0,2.0,13.0
2,2020-07-04 00:00:00,kawasaki-frontale,kashima-antlers,7,1,3,2,1,等々力,0,1.9,10.0,1591.0,1529.0,26.0,-24.0
2,2020-07-04 00:00:00,shonan-bellmare,vegalta-sendai,10,2,2,0,1,ＢＭＷス,0,1.17,-3.0,1293.0,1354.0,-4.0,-8.0
2,2020-07-04 00:00:00,urawa-red-diamonds,yokohama-fa-marinos,4,0,8,0,0,埼玉,0,0.5,-7.0,1470.0,1504.0,-5.0,-18.0
2,2020-07-04 00:00:00,vissel-kobe,sanfrecce-hiroshima,15,2,16,0,3,ノエスタ,0,0.71,-6.0,1413.0,1491.0,-7.0,-11.0
3,2020-07-08 00:00:00,cerezo-osaka,shimizu-s-pulse,14,1,11,2,0,ヤンマー,0,1.17,-2.0,1479.0,1323.0,1.0,-11.0
3,2020-07-08 00:00:00,vegalta-sendai,urawa-red-diamonds,2,2,4,1,2,ユアスタ,0,0.33,-10.0,1354.0,1470.0,-8.0,-5.0
3,2020-07-08 00:00:00,kashiwa-reysol,yokohama-fc,5,2,9,1,3,三協Ｆ柏,0,0.5,-1.0,1423.0,1294.0,2.0,-9.0
3,2020-07-08 00:00:00,sagan-tosu,vissel-kobe,17,2,15,0,1,駅スタ,0,1.0,-7.0,1333.0,1413.0,-15.0,-7.0
3,2020-07-08 00:00:00,sanfrecce-hiroshima,oita-trinita,16,2,18,1,2,Ｅスタ,0,2.0,1.0,1491.0,1284.0,-11.0,-1.0
3,2020-07-08 00:00:00,yokohama-fa-marinos,shonan-bellmare,8,1,10,3,2,ニッパツ,0,1.86,2.0,1504.0,1293.0,-18.0,-4.0
3,2020-07-08 00:00:00,nagoya-grampus-eight,gamba-osaka,12,0,13,2,2,豊田ス,0,2.17,3.0,1371.0,1453.0,31.0,14.0
3,2020-07-08 00:00:00,fc-tokyo,kawasaki-frontale,6,2,7,0,4,味スタ,0,1.0,-6.0,1496.0,1591.0,13.0,26.0
4,2020-07-11 00:00:00,kawasaki-frontale,kashiwa-reysol,7,1,5,3,1,等々力,4724,2.5,5.0,1591.0,1423.0,26.0,2.0
4,2020-07-11 00:00:00,oita-trinita,vissel-kobe,18,0,15,1,1,昭和電ド,4263,1.25,-1.0,1284.0,1413.0,-1.0,-7.0
4,2020-07-12 00:00:00,shimizu-s-pulse,gamba-osaka,11,2,13,1,2,アイスタ,4131,1.0,-3.0,1323.0,1453.0,-11.0,14.0
4,2020-07-12 00:00:00,sagan-tosu,sanfrecce-hiroshima,17,0,16,0,0,駅スタ,2694,1.71,0.0,1333.0,1491.0,-15.0,-11.0
4,2020-07-12 00:00:00,cerezo-osaka,nagoya-grampus-eight,14,2,12,0,2,ヤンマー,4026,1.33,3.0,1479.0,1371.0,1.0,31.0
4,2020-07-12 00:00:00,urawa-red-diamonds,kashima-antlers,4,1,3,1,0,埼玉,3094,0.62,-3.0,1470.0,1529.0,-5.0,-24.0
4,2020-07-12 00:00:00,yokohama-fa-marinos,fc-tokyo,8,2,6,1,3,日産ス,4769,1.62,0.0,1504.0,1496.0,-18.0,13.0
5,2020-07-18 00:00:00,kashima-antlers,yokohama-fa-marinos,3,1,8,4,2,カシマ,3090,1.25,-3.0,1529.0,1504.0,-24.0,-18.0
5,2020-07-18 00:00:00,nagoya-grampus-eight,sagan-tosu,12,1,17,1,0,豊田ス,4827,1.75,6.0,1371.0,1333.0,31.0,-15.0
5,2020-07-18 00:00:00,fc-tokyo,urawa-red-diamonds,6,1,4,2,0,味スタ,4705,0.5,-3.0,1496.0,1470.0,13.0,-5.0
5,2020-07-18 00:00:00,sanfrecce-hiroshima,cerezo-osaka,16,2,14,1,2,Ｅスタ,3084,1.43,-3.0,1491.0,1479.0,-11.0,1.0
5,2020-07-18 00:00:00,kashiwa-reysol,shonan-bellmare,5,1,10,3,2,三協Ｆ柏,2645,1.0,-1.0,1423.0,1293.0,2.0,-4.0
5,2020-07-18 00:00:00,gamba-osaka,oita-trinita,13,1,18,2,1,パナスタ,4395,0.5,-1.0,1453.0,1284.0,14.0,-1.0
5,2020-07-18 00:00:00,vissel-kobe,shimizu-s-pulse,15,1,11,3,1,ノエスタ,3494,0.83,-4.0,1413.0,1323.0,-7.0,-11.0
6,2020-07-22 00:00:00,shonan-bellmare,kashima-antlers,10,1,3,1,0,ＢＭＷス,3498,1.5,0.0,1293.0,1529.0,-4.0,-24.0
6,2020-07-22 00:00:00,gamba-osaka,sanfrecce-hiroshima,13,1,16,1,0,パナスタ,4142,1.0,-10.0,1453.0,1491.0,14.0,-11.0
6,2020-07-22 00:00:00,sagan-tosu,shimizu-s-pulse,17,0,11,1,1,駅スタ,3117,1.67,3.0,1333.0,1323.0,-15.0,-11.0
6,2020-07-22 00:00:00,consadole-sapporo,fc-tokyo,1,0,6,1,1,札幌ド,3151,1.57,0.0,1394.0,1496.0,27.0,13.0
6,2020-07-22 00:00:00,cerezo-osaka,vissel-kobe,14,0,15,0,0,ヤンマー,4981,1.89,3.0,1479.0,1413.0,1.0,-7.0
6,2020-07-22 00:00:00,oita-trinita,nagoya-grampus-eight,18,2,12,0,3,昭和電ド,3603,1.5,3.0,1284.0,1371.0,-1.0,31.0
6,2020-07-22 00:00:00,urawa-red-diamonds,kashiwa-reysol,4,2,5,0,4,埼玉,4127,0.75,-2.0,1470.0,1423.0,-5.0,2.0
6,2020-07-22 00:00:00,vegalta-sendai,kawasaki-frontale,2,2,7,2,3,ユアスタ,2507,0.62,-7.0,1354.0,1591.0,-8.0,26.0
7,2020-07-26 00:00:00,consadole-sapporo,yokohama-fa-marinos,1,1,8,3,1,札幌ド,3305,0.88,-8.0,1394.0,1504.0,27.0,-18.0
7,2020-07-26 00:00:00,shimizu-s-pulse,oita-trinita,11,1,18,4,2,アイスタ,2697,1.0,0.0,1323.0,1284.0,-11.0,-1.0
7,2020-07-26 00:00:00,kashima-antlers,fc-tokyo,3,0,6,2,2,カシマ,3027,0.67,-3.0,1529.0,1496.0,-24.0,13.0
7,2020-07-26 00:00:00,kashiwa-reysol,vegalta-sendai,5,1,2,5,1,三協Ｆ柏,2500,0.43,-5.0,1423.0,1354.0,2.0,-8.0
7,2020-07-26 00:00:00,kawasaki-frontale,shonan-bellmare,7,1,10,3,1,等々力,4724,2.0,7.0,1591.0,1293.0,26.0,-4.0
7,2020-07-26 00:00:00,sagan-tosu,cerezo-osaka,17,0,14,1,1,駅スタ,3413,1.0,-2.0,1333.0,1479.0,-15.0,1.0
7,2020-07-26 00:00:00,vissel-kobe,gamba-osaka,15,2,13,0,2,ノエスタ,4746,1.38,-1.0,1413.0,1453.0,-7.0,14.0
8,2020-08-01 00:00:00,nagoya-grampus-eight,kashiwa-reysol,12,2,5,0,1,豊田ス,4678,1.5,0.0,1379.0,1424.0,8.0,1.0
8,2020-08-01 00:00:00,vegalta-sendai,yokohama-fa-marinos,2,2,8,0,1,ユアスタ,2758,0.88,-8.0,1358.0,1507.0,4.0,3.0
8,2020-08-01 00:00:00,fc-tokyo,sagan-tosu,6,2,17,2,3,味スタ,4760,1.5,2.0,1495.0,1339.0,-1.0,6.0
8,2020-08-01 00:00:00,gamba-osaka,kawasaki-frontale,13,2,7,0,1,パナスタ,4925,1.33,0.0,1433.0,1608.0,-20.0,17.0
8,2020-08-01 00:00:00,oita-trinita,kashima-antlers,18,2,3,1,4,昭和電ド,4225,1.5,0.0,1285.0,1538.0,1.0,9.0
8,2020-08-01 00:00:00,shonan-bellmare,cerezo-osaka,10,2,14,0,1,ＢＭＷス,3494,0.83,-1.0,1277.0,1490.0,-16.0,11.0
8,2020-08-01 00:00:00,urawa-red-diamonds,shimizu-s-pulse,4,0,11,1,1,埼玉,4237,2.33,5.0,1473.0,1328.0,3.0,5.0
8,2020-08-02 00:00:00,consadole-sapporo,vissel-kobe,1,2,15,2,3,札幌ド,4675,1.5,-3.0,1367.0,1410.0,-27.0,-3.0
9,2020-08-08 00:00:00,nagoya-grampus-eight,urawa-red-diamonds,12,1,4,6,2,豊田ス,4956,1.17,-2.0,1379.0,1473.0,8.0,3.0
9,2020-08-08 00:00:00,kashima-antlers,sagan-tosu,3,1,17,2,0,カシマ,3913,1.67,1.0,1538.0,1339.0,9.0,6.0
9,2020-08-08 00:00:00,kawasaki-frontale,oita-trinita,7,1,18,2,0,等々力,4735,3.0,3.0,1608.0,1285.0,17.0,1.0
9,2020-08-08 00:00:00,yokohama-fa-marinos,kashiwa-reysol,8,0,5,1,1,日産ス,4988,1.0,-2.0,1507.0,1424.0,3.0,1.0
9,2020-08-08 00:00:00,vissel-kobe,vegalta-sendai,15,2,2,1,2,ノエスタ,4333,2.67,10.0,1410.0,1358.0,-3.0,4.0
9,2020-08-09 00:00:00,sanfrecce-hiroshima,shonan-bellmare,16,1,10,1,0,Ｅスタ,2886,1.75,3.0,1489.0,1277.0,-2.0,-16.0
9,2020-08-09 00:00:00,cerezo-osaka,fc-tokyo,14,0,6,0,0,ヤンマー,4840,2.0,4.0,1490.0,1495.0,11.0,-1.0
10,2020-08-15 00:00:00,consadole-sapporo,kawasaki-frontale,1,2,7,1,6,札幌ド,4601,0.29,-10.0,1367.0,1608.0,-27.0,17.0
10,2020-08-15 00:00:00,yokohama-fc,shonan-bellmare,9,1,10,4,2,ニッパツ,2938,0.5,-1.0,1296.0,1277.0,2.0,-16.0
10,2020-08-15 00:00:00,vegalta-sendai,shimizu-s-pulse,2,0,11,0,0,ユアスタ,2718,2.0,7.0,1358.0,1328.0,4.0,5.0
10,2020-08-15 00:00:00,oita-trinita,yokohama-fa-marinos,18,1,8,1,0,昭和電ド,4311,1.5,1.0,1285.0,1507.0,1.0,3.0
10,2020-08-15 00:00:00,fc-tokyo,nagoya-grampus-eight,6,1,12,1,0,味スタ,4435,3.0,4.0,1495.0,1379.0,-1.0,8.0
10,2020-08-15 00:00:00,urawa-red-diamonds,sanfrecce-hiroshima,4,1,16,1,0,埼玉,4287,1.75,1.0,1473.0,1489.0,3.0,-2.0
10,2020-08-15 00:00:00,kashiwa-reysol,cerezo-osaka,5,2,14,1,3,三協Ｆ柏,2603,1.75,3.0,1424.0,1490.0,1.0,11.0
10,2020-08-16 00:00:00,kashima-antlers,vissel-kobe,3,0,15,2,2,カシマ,4766,1.67,4.0,1538.0,1410.0,9.0,-3.0
11,2020-08-19 00:00:00,shimizu-s-pulse,yokohama-fa-marinos,11,2,8,3,4,アイスタ,3279,1.67,0.0,1328.0,1507.0,5.0,3.0
11,2020-08-19 00:00:00,shonan-bellmare,nagoya-grampus-eight,10,2,12,0,1,ＢＭＷス,2976,1.5,2.0,1277.0,1379.0,-16.0,8.0
11,2020-08-19 00:00:00,sanfrecce-hiroshima,fc-tokyo,16,0,6,3,3,Ｅスタ,2033,0.88,-4.0,1489.0,1495.0,-2.0,-1.0
11,2020-08-19 00:00:00,gamba-osaka,urawa-red-diamonds,13,2,4,1,3,パナスタ,4721,1.5,4.0,1433.0,1473.0,-20.0,3.0
11,2020-08-19 00:00:00,kawasaki-frontale,cerezo-osaka,7,1,14,5,2,等々力,4794,0.57,-3.0,1608.0,1490.0,17.0,11.0
11,2020-08-19 00:00:00,vissel-kobe,kashiwa-reysol,15,2,5,2,3,ノエスタ,3578,0.75,-3.0,1410.0,1424.0,-3.0,1.0
11,2020-08-19 00:00:00,consadole-sapporo,oita-trinita,1,0,18,1,1,札幌厚別,2039,0.0,-2.0,1367.0,1285.0,-27.0,1.0
12,2020-08-23 00:00:00,nagoya-grampus-eight,kawasaki-frontale,12,1,7,1,0,豊田ス,4968,0.83,-2.0,1379.0,1608.0,8.0,17.0
12,2020-08-23 00:00:00,urawa-red-diamonds,vissel-kobe,4,2,15,1,2,埼玉,4435,2.17,5.0,1473.0,1410.0,3.0,-3.0
12,2020-08-23 00:00:00,fc-tokyo,shonan-bellmare,6,1,10,3,0,味スタ,4599,2.0,2.0,1495.0,1277.0,-1.0,-16.0
12,2020-08-23 00:00:00,cerezo-osaka,vegalta-sendai,14,1,2,2,1,ヤンマー,3921,1.83,2.0,1490.0,1358.0,11.0,4.0
12,2020-08-23 00:00:00,kashima-antlers,gamba-osaka,3,0,13,1,1,カシマ,4949,2.0,3.0,1538.0,1433.0,9.0,-20.0
12,2020-08-23 00:00:00,yokohama-fa-marinos,sanfrecce-hiroshima,8,1,16,3,1,日産ス,4771,1.43,-1.0,1507.0,1489.0,3.0,-2.0
24,2020-08-26 00:00:00,vissel-kobe,kawasaki-frontale,15,0,7,2,2,ノエスタ,3453,0.67,-8.0,1410.0,1608.0,-3.0,17.0
26,2020-08-26 00:00:00,fc-tokyo,kashima-antlers,6,2,3,1,2,味スタ,4390,2.17,3.0,1495.0,1538.0,-1.0,9.0
13,2020-08-29 00:00:00,vissel-kobe,yokohama-fa-marinos,15,0,8,3,3,ノエスタ,4393,0.89,-8.0,1410.0,1507.0,-3.0,3.0
13,2020-08-29 00:00:00,sanfrecce-hiroshima,vegalta-sendai,16,0,2,1,1,Ｅスタ,3124,1.17,0.0,1489.0,1358.0,-2.0,4.0
13,2020-08-29 00:00:00,urawa-red-diamonds,oita-trinita,4,1,18,2,1,埼玉,4316,0.0,-3.0,1473.0,1285.0,3.0,1.0
13,2020-08-29 00:00:00,kashiwa-reysol,kashima-antlers,5,2,3,2,3,三協Ｆ柏,2728,0.25,-6.0,1424.0,1538.0,1.0,9.0
13,2020-08-29 00:00:00,consadole-sapporo,nagoya-grampus-eight,1,0,12,0,0,札幌ド,3479,2.25,3.0,1367.0,1379.0,-27.0,8.0
13,2020-08-29 00:00:00,gamba-osaka,fc-tokyo,13,2,6,1,3,パナスタ,4967,1.38,1.0,1433.0,1495.0,-20.0,-1.0
13,2020-08-29 00:00:00,kawasaki-frontale,shimizu-s-pulse,7,1,11,5,0,等々力,4798,2.33,11.0,1608.0,1328.0,17.0,5.0
14,2020-09-05 00:00:00,consadole-sapporo,sanfrecce-hiroshima,1,2,16,0,2,札幌厚別,2104,1.5,1.0,1351.0,1487.0,-16.0,-2.0
14,2020-09-05 00:00:00,shimizu-s-pulse,kashiwa-reysol,11,2,5,1,2,アイスタ,4264,1.8,0.0,1320.0,1422.0,-8.0,-2.0
14,2020-09-05 00:00:00,yokohama-fa-marinos,kawasaki-frontale,8,2,7,1,3,日産ス,4971,1.33,0.0,1511.0,1624.0,4.0,16.0
14,2020-09-05 00:00:00,nagoya-grampus-eight,kashima-antlers,12,2,3,1,3,豊田ス,4951,0.75,-2.0,1381.0,1537.0,2.0,-1.0
14,2020-09-05 00:00:00,vegalta-sendai,gamba-osaka,2,2,13,1,4,ユアスタ,2871,1.17,-2.0,1335.0,1434.0,-23.0,1.0
14,2020-09-05 00:00:00,oita-trinita,fc-tokyo,18,2,6,0,1,昭和電ド,4518,0.0,-4.0,1316.0,1492.0,31.0,-3.0
14,2020-09-05 00:00:00,shonan-bellmare,vissel-kobe,10,0,15,1,1,ＢＭＷス,4312,1.5,-2.0,1273.0,1411.0,-4.0,1.0
14,2020-09-05 00:00:00,cerezo-osaka,urawa-red-diamonds,14,1,4,3,0,ヤンマー,4793,1.5,1.0,1497.0,1453.0,7.0,-20.0
15,2020-09-09 00:00:00,kawasaki-frontale,vissel-kobe,7,1,15,3,2,等々力,4778,2.17,8.0,1624.0,1411.0,16.0,1.0
15,2020-09-09 00:00:00,oita-trinita,shonan-bellmare,18,0,10,2,2,昭和電ド,3465,2.5,3.0,1316.0,1273.0,31.0,-4.0
15,2020-09-09 00:00:00,kashima-antlers,vegalta-sendai,3,1,2,2,1,カシマ,3839,2.25,11.0,1537.0,1335.0,-1.0,-23.0
15,2020-09-09 00:00:00,kashiwa-reysol,gamba-osaka,5,1,13,3,0,三協Ｆ柏,2608,1.75,1.0,1422.0,1434.0,-2.0,1.0
15,2020-09-09 00:00:00,sanfrecce-hiroshima,shimizu-s-pulse,16,1,11,4,1,Ｅスタ,1948,1.67,2.0,1487.0,1320.0,-2.0,-8.0
15,2020-09-09 00:00:00,urawa-red-diamonds,sagan-tosu,4,0,17,2,2,埼玉,4398,1.0,-1.0,1453.0,1342.0,-20.0,3.0
15,2020-09-09 00:00:00,nagoya-grampus-eight,yokohama-fa-marinos,12,1,8,2,1,パロ瑞穂,4005,1.25,-3.0,1381.0,1511.0,2.0,4.0
16,2020-09-12 00:00:00,shimizu-s-pulse,kashima-antlers,11,2,3,1,2,アイスタ,4774,0.17,-11.0,1320.0,1537.0,-8.0,-1.0
16,2020-09-12 00:00:00,vissel-kobe,fc-tokyo,15,0,6,2,2,ノエスタ,4102,0.83,-3.0,1411.0,1492.0,1.0,-3.0
16,2020-09-13 00:00:00,consadole-sapporo,urawa-red-diamonds,1,2,4,3,4,札幌ド,4449,1.33,2.0,1351.0,1453.0,-16.0,-20.0
16,2020-09-13 00:00:00,yokohama-fc,nagoya-grampus-eight,9,1,12,3,2,ニッパツ,3290,1.5,0.0,1307.0,1381.0,11.0,2.0
16,2020-09-13 00:00:00,vegalta-sendai,oita-trinita,2,2,18,0,3,ユアスタ,2191,1.5,0.0,1335.0,1316.0,-23.0,31.0
16,2020-09-13 00:00:00,kawasaki-frontale,sanfrecce-hiroshima,7,1,16,5,1,等々力,4770,2.0,4.0,1624.0,1487.0,16.0,-2.0
16,2020-09-13 00:00:00,sagan-tosu,kashiwa-reysol,17,1,5,2,1,駅スタ,4165,1.0,-2.0,1342.0,1422.0,3.0,-2.0
16,2020-09-13 00:00:00,gamba-osaka,shonan-bellmare,13,2,10,0,1,パナスタ,4788,2.25,4.0,1434.0,1273.0,1.0,-4.0
16,2020-09-13 00:00:00,yokohama-fa-marinos,cerezo-osaka,8,2,14,1,2,日産ス,4918,0.14,-12.0,1511.0,1497.0,4.0,7.0
24,2020-09-16 00:00:00,fc-tokyo,oita-trinita,6,2,18,2,3,味スタ,4782,3.0,4.0,1492.0,1316.0,-3.0,31.0
24,2020-09-16 00:00:00,yokohama-fa-marinos,shimizu-s-pulse,8,1,11,3,0,日産ス,4171,1.17,0.0,1511.0,1320.0,4.0,-8.0
25,2020-09-16 00:00:00,vissel-kobe,cerezo-osaka,15,2,14,0,1,ノエスタ,3206,0.89,-3.0,1411.0,1497.0,1.0,7.0
17,2020-09-19 00:00:00,consadole-sapporo,gamba-osaka,1,2,13,0,1,札幌厚別,2749,1.38,-4.0,1351.0,1434.0,-16.0,1.0
17,2020-09-19 00:00:00,sagan-tosu,yokohama-fa-marinos,17,2,8,1,3,駅スタ,4925,1.43,0.0,1342.0,1511.0,3.0,4.0
17,2020-09-19 00:00:00,nagoya-grampus-eight,vissel-kobe,12,1,15,2,1,豊田ス,11854,1.17,-1.0,1381.0,1411.0,2.0,1.0
17,2020-09-19 00:00:00,cerezo-osaka,kashima-antlers,14,2,3,1,2,ヤンマー,6836,0.5,-6.0,1497.0,1537.0,7.0,-1.0
17,2020-09-19 00:00:00,shonan-bellmare,shimizu-s-pulse,10,2,11,0,3,ＢＭＷス,4170,1.0,-6.0,1273.0,1320.0,-4.0,-8.0
17,2020-09-19 00:00:00,kashiwa-reysol,sanfrecce-hiroshima,5,0,16,1,1,三協Ｆ柏,2728,2.25,5.0,1422.0,1487.0,-2.0,-2.0
17,2020-09-20 00:00:00,oita-trinita,yokohama-fc,18,1,9,1,0,昭和電ド,6105,1.25,-1.0,1316.0,1307.0,31.0,11.0
17,2020-09-20 00:00:00,urawa-red-diamonds,kawasaki-frontale,4,2,7,0,3,埼玉,6357,1.17,-2.0,1453.0,1624.0,-20.0,16.0
17,2020-09-20 00:00:00,fc-tokyo,vegalta-sendai,6,1,2,1,0,味スタ,4981,1.18,1.0,1492.0,1335.0,-3.0,-23.0
18,2020-09-23 00:00:00,consadole-sapporo,kashiwa-reysol,1,2,5,0,1,札幌ド,3002,1.8,3.0,1351.0,1422.0,-16.0,-2.0
18,2020-09-23 00:00:00,oita-trinita,sanfrecce-hiroshima,18,2,16,0,2,昭和電ド,4247,0.5,-1.0,1316.0,1487.0,31.0,-2.0
18,2020-09-23 00:00:00,fc-tokyo,cerezo-osaka,6,1,14,2,0,味スタ,4316,0.88,-4.0,1492.0,1497.0,-3.0,7.0
18,2020-09-23 00:00:00,kashima-antlers,shonan-bellmare,3,1,10,1,0,カシマ,3194,1.5,0.0,1537.0,1273.0,-1.0,-4.0
18,2020-09-23 00:00:00,gamba-osaka,nagoya-grampus-eight,13,1,12,2,1,パナスタ,5153,0.67,-3.0,1434.0,1381.0,1.0,2.0
18,2020-09-23 00:00:00,vissel-kobe,sagan-tosu,15,1,17,4,3,ノエスタ,2719,1.67,7.0,1411.0,1342.0,1.0,3.0
18,2020-09-23 00:00:00,shimizu-s-pulse,urawa-red-diamonds,11,2,4,1,2,アイスタ,3095,0.33,-5.0,1320.0,1453.0,-8.0,-20.0
18,2020-09-23 00:00:00,yokohama-fa-marinos,vegalta-sendai,8,1,2,3,1,日産ス,3702,1.62,8.0,1511.0,1335.0,4.0,-23.0
19,2020-09-26 00:00:00,nagoya-grampus-eight,shimizu-s-pulse,12,1,11,3,1,豊田ス,11002,0.0,-6.0,1381.0,1320.0,2.0,-8.0
19,2020-09-27 00:00:00,vegalta-sendai,cerezo-osaka,2,2,14,2,3,ユアスタ,2789,0.83,-2.0,1335.0,1497.0,-23.0,7.0
19,2020-09-27 00:00:00,sagan-tosu,fc-tokyo,17,1,6,3,0,駅スタ,4434,1.12,-2.0,1342.0,1492.0,3.0,-3.0
19,2020-09-27 00:00:00,kashima-antlers,oita-trinita,3,2,18,0,2,カシマ,6982,1.5,0.0,1537.0,1316.0,-1.0,31.0
19,2020-09-27 00:00:00,sanfrecce-hiroshima,gamba-osaka,16,2,13,1,2,Ｅスタ,4104,1.75,10.0,1487.0,1434.0,-2.0,1.0
19,2020-09-27 00:00:00,kashiwa-reysol,yokohama-fa-marinos,5,2,8,1,3,三協Ｆ柏,2715,1.75,2.0,1422.0,1511.0,-2.0,4.0
19,2020-09-27 00:00:00,shonan-bellmare,kawasaki-frontale,10,2,7,0,1,ＢＭＷス,4189,0.5,-7.0,1273.0,1624.0,-4.0,16.0
25,2020-09-30 00:00:00,yokohama-fa-marinos,sagan-tosu,8,0,17,1,1,ニッパツ,3431,1.43,0.0,1511.0,1342.0,4.0,3.0
29,2020-09-30 00:00:00,vissel-kobe,nagoya-grampus-eight,15,1,12,1,0,ノエスタ,4825,1.67,1.0,1411.0,1381.0,1.0,2.0
29,2020-09-30 00:00:00,urawa-red-diamonds,fc-tokyo,4,2,6,0,1,埼玉,5623,2.0,3.0,1453.0,1492.0,-20.0,-3.0
20,2020-10-03 00:00:00,consadole-sapporo,vegalta-sendai,1,0,2,3,3,札幌ド,5339,1.0,-3.0,1356.0,1322.0,5.0,-13.0
20,2020-10-03 00:00:00,cerezo-osaka,kawasaki-frontale,14,2,7,1,3,ヤンマー,11842,2.29,3.0,1487.0,1643.0,-10.0,19.0
20,2020-10-03 00:00:00,yokohama-fc,kashiwa-reysol,9,2,5,0,3,ニッパツ,4571,2.0,1.0,1296.0,1432.0,-11.0,10.0
20,2020-10-03 00:00:00,sanfrecce-hiroshima,sagan-tosu,16,1,17,3,0,Ｅスタ,3765,1.29,0.0,1492.0,1323.0,5.0,-19.0
20,2020-10-03 00:00:00,gamba-osaka,kashima-antlers,13,1,3,2,0,パナスタ,9313,0.5,-3.0,1463.0,1528.0,29.0,-9.0
20,2020-10-03 00:00:00,oita-trinita,shimizu-s-pulse,18,1,11,2,1,昭和電ド,6885,1.0,0.0,1315.0,1311.0,-1.0,-9.0
20,2020-10-04 00:00:00,shonan-bellmare,fc-tokyo,10,2,6,0,1,ＢＭＷス,4691,0.5,-2.0,1277.0,1461.0,4.0,-31.0
20,2020-10-04 00:00:00,yokohama-fa-marinos,vissel-kobe,8,2,15,2,3,ニッパツ,7279,1.89,8.0,1509.0,1408.0,-2.0,-3.0
20,2020-10-04 00:00:00,urawa-red-diamonds,nagoya-grampus-eight,4,2,12,0,1,埼玉,9357,1.67,2.0,1462.0,1409.0,9.0,28.0
10,2020-10-07 00:00:00,sagan-tosu,gamba-osaka,17,2,13,1,2,駅スタ,3601,1.0,-4.0,1323.0,1463.0,-19.0,29.0
21,2020-10-10 00:00:00,nagoya-grampus-eight,cerezo-osaka,12,1,14,1,0,パロ瑞穂,7861,1.33,-3.0,1409.0,1487.0,28.0,-10.0
21,2020-10-10 00:00:00,shimizu-s-pulse,sanfrecce-hiroshima,11,2,16,2,3,アイスタ,3024,1.17,-2.0,1311.0,1492.0,-9.0,5.0
21,2020-10-10 00:00:00,consadole-sapporo,shonan-bellmare,1,1,10,2,1,札幌厚別,2859,1.83,5.0,1356.0,1277.0,5.0,4.0
21,2020-10-10 00:00:00,fc-tokyo,gamba-osaka,6,2,13,0,1,味スタ,8166,1.38,-1.0,1461.0,1463.0,-31.0,29.0
21,2020-10-10 00:00:00,kashiwa-reysol,vissel-kobe,5,1,15,4,3,三協Ｆ柏,2515,2.25,3.0,1432.0,1408.0,10.0,-3.0
21,2020-10-10 00:00:00,yokohama-fa-marinos,oita-trinita,8,1,18,4,0,ニッパツ,3675,1.5,-1.0,1509.0,1315.0,-2.0,-1.0
21,2020-10-10 00:00:00,kawasaki-frontale,vegalta-sendai,7,1,2,1,0,等々力,8263,2.12,7.0,1643.0,1322.0,19.0,-13.0
21,2020-10-10 00:00:00,sagan-tosu,urawa-red-diamonds,17,2,4,0,1,駅スタ,8574,1.5,1.0,1323.0,1462.0,-19.0,9.0
22,2020-10-14 00:00:00,sagan-tosu,kashima-antlers,17,2,3,0,2,駅スタ,3882,1.17,-1.0,1323.0,1528.0,-19.0,-9.0
22,2020-10-14 00:00:00,gamba-osaka,yokohama-fa-marinos,13,0,8,1,1,パナスタ,6455,0.88,-8.0,1463.0,1509.0,29.0,-2.0
22,2020-10-14 00:00:00,sanfrecce-hiroshima,kawasaki-frontale,16,2,7,0,2,Ｅスタ,3007,1.0,-4.0,1492.0,1643.0,5.0,19.0
22,2020-10-14 00:00:00,kashiwa-reysol,urawa-red-diamonds,5,0,4,1,1,三協Ｆ柏,2634,2.25,2.0,1432.0,1462.0,10.0,9.0
22,2020-10-14 00:00:00,vissel-kobe,oita-trinita,15,0,18,1,1,ノエスタ,7417,1.25,1.0,1408.0,1315.0,-3.0,-1.0
22,2020-10-14 00:00:00,fc-tokyo,shimizu-s-pulse,6,1,11,3,1,味スタ,3812,1.86,3.0,1461.0,1311.0,-31.0,-9.0
22,2020-10-14 00:00:00,cerezo-osaka,shonan-bellmare,14,1,10,1,0,ヤンマー,5526,1.83,1.0,1487.0,1277.0,-10.0,4.0
23,2020-10-17 00:00:00,cerezo-osaka,yokohama-fa-marinos,14,1,8,4,1,ヤンマー,6870,2.71,12.0,1487.0,1509.0,-10.0,-2.0
23,2020-10-18 00:00:00,consadole-sapporo,kashima-antlers,1,1,3,1,0,札幌ド,5359,0.33,-8.0,1356.0,1528.0,5.0,-9.0
23,2020-10-18 00:00:00,oita-trinita,gamba-osaka,18,2,13,0,1,昭和電ド,8570,2.0,1.0,1315.0,1463.0,-1.0,29.0
23,2020-10-18 00:00:00,shimizu-s-pulse,sagan-tosu,11,0,17,1,1,アイスタ,4487,1.17,-3.0,1311.0,1323.0,-9.0,-19.0
23,2020-10-18 00:00:00,shonan-bellmare,kashiwa-reysol,10,1,5,3,2,ＢＭＷス,5006,1.75,1.0,1277.0,1432.0,4.0,10.0
23,2020-10-18 00:00:00,urawa-red-diamonds,vegalta-sendai,4,1,2,6,0,埼玉,9831,2.33,10.0,1462.0,1322.0,9.0,-13.0
23,2020-10-18 00:00:00,sanfrecce-hiroshima,vissel-kobe,16,1,15,2,1,Ｅスタ,8005,2.0,6.0,1492.0,1408.0,5.0,-3.0
23,2020-10-18 00:00:00,kawasaki-frontale,nagoya-grampus-eight,7,1,12,3,0,等々力,10161,1.83,2.0,1643.0,1409.0,19.0,28.0
13,2020-10-21 00:00:00,shonan-bellmare,sagan-tosu,10,0,17,0,0,ＢＭＷス,2629,1.83,3.0,1277.0,1323.0,4.0,-19.0
33,2020-10-21 00:00:00,vissel-kobe,kashima-antlers,15,2,3,1,3,ノエスタ,6553,1.17,-4.0,1408.0,1528.0,-3.0,-9.0
33,2020-10-21 00:00:00,yokohama-fa-marinos,nagoya-grampus-eight,8,1,12,2,1,日産ス,6607,1.25,3.0,1509.0,1409.0,-2.0,28.0
24,2020-10-24 00:00:00,kashima-antlers,sanfrecce-hiroshima,3,1,16,1,0,カシマ,7466,1.33,1.0,1528.0,1492.0,-9.0,5.0
24,2020-10-24 00:00:00,nagoya-grampus-eight,vegalta-sendai,12,1,2,1,0,パロ瑞穂,9367,1.0,-3.0,1409.0,1322.0,28.0,-13.0
24,2020-10-24 00:00:00,gamba-osaka,kashiwa-reysol,13,1,5,2,1,パナスタ,10602,1.0,-1.0,1463.0,1432.0,29.0,10.0
24,2020-10-24 00:00:00,urawa-red-diamonds,cerezo-osaka,4,1,14,3,1,埼玉,12863,1.12,-1.0,1462.0,1487.0,9.0,-10.0
28,2020-10-24 00:00:00,fc-tokyo,yokohama-fa-marinos,6,2,8,0,4,味スタ,9518,1.25,0.0,1461.0,1509.0,-31.0,-2.0
24,2020-10-25 00:00:00,sagan-tosu,shonan-bellmare,17,0,10,2,2,駅スタ,5783,0.83,-3.0,1323.0,1277.0,-19.0,4.0
30,2020-10-28 00:00:00,fc-tokyo,kashiwa-reysol,6,2,5,1,3,味スタ,6632,1.29,-2.0,1461.0,1432.0,-31.0,10.0
30,2020-10-28 00:00:00,vegalta-sendai,vissel-kobe,2,2,15,2,3,ユアスタ,4071,0.17,-10.0,1322.0,1408.0,-13.0,-3.0
32,2020-10-28 00:00:00,sanfrecce-hiroshima,yokohama-fa-marinos,16,1,8,3,1,Ｅスタ,1984,1.43,1.0,1492.0,1509.0,5.0,-2.0
25,2020-10-31 00:00:00,vegalta-sendai,sanfrecce-hiroshima,2,0,16,0,0,ユアスタ,4001,1.67,0.0,1322.0,1492.0,-13.0,5.0
25,2020-10-31 00:00:00,oita-trinita,urawa-red-diamonds,18,0,4,0,0,昭和電ド,7397,3.0,3.0,1315.0,1462.0,-1.0,9.0
25,2020-10-31 00:00:00,shonan-bellmare,yokohama-fc,10,1,9,1,0,ＢＭＷス,5328,2.0,1.0,1277.0,1296.0,4.0,-11.0
25,2020-10-31 00:00:00,kashiwa-reysol,shimizu-s-pulse,5,0,11,0,0,三協Ｆ柏,2720,1.2,0.0,1432.0,1311.0,10.0,-9.0
25,2020-10-31 00:00:00,kashima-antlers,nagoya-grampus-eight,3,2,12,0,2,カシマ,8912,2.25,2.0,1528.0,1409.0,-9.0,28.0
25,2020-10-31 00:00:00,kawasaki-frontale,fc-tokyo,7,1,6,2,1,等々力,11061,1.75,6.0,1643.0,1461.0,19.0,-31.0
26,2020-11-03 00:00:00,sagan-tosu,nagoya-grampus-eight,17,0,12,0,0,駅スタ,6912,1.0,-6.0,1340.0,1411.0,17.0,2.0
26,2020-11-03 00:00:00,cerezo-osaka,gamba-osaka,14,0,13,1,1,ヤンマー,19553,1.0,-2.0,1477.0,1453.0,-10.0,-10.0
26,2020-11-03 00:00:00,shimizu-s-pulse,vissel-kobe,11,1,15,3,1,アイスタ,6168,1.83,4.0,1329.0,1385.0,18.0,-23.0
26,2020-11-03 00:00:00,yokohama-fc,oita-trinita,9,2,18,2,3,ニッパツ,3704,1.25,1.0,1288.0,1327.0,-8.0,12.0
26,2020-11-03 00:00:00,sanfrecce-hiroshima,urawa-red-diamonds,16,0,4,1,1,Ｅスタ,5475,1.0,-1.0,1493.0,1452.0,1.0,-10.0
31,2020-11-03 00:00:00,yokohama-fa-marinos,kashima-antlers,8,2,3,2,3,日産ス,20515,1.62,3.0,1501.0,1530.0,-8.0,2.0
11,2020-11-08 00:00:00,vegalta-sendai,sagan-tosu,2,2,17,0,3,ユアスタ,5995,1.75,7.0,1328.0,1340.0,6.0,17.0
7,2020-11-11 00:00:00,sanfrecce-hiroshima,nagoya-grampus-eight,16,1,12,2,0,Ｅスタ,2508,0.83,-2.0,1493.0,1411.0,1.0,2.0
26,2020-11-11 00:00:00,shonan-bellmare,yokohama-fa-marinos,10,1,8,1,0,ＢＭＷス,5082,1.0,-2.0,1296.0,1501.0,19.0,-8.0
32,2020-11-11 00:00:00,gamba-osaka,vissel-kobe,13,1,15,1,0,パナスタ,11579,1.38,1.0,1453.0,1385.0,-10.0,-23.0
27,2020-11-14 00:00:00,shimizu-s-pulse,cerezo-osaka,11,1,14,3,1,アイスタ,6076,1.67,2.0,1329.0,1477.0,18.0,-10.0
27,2020-11-14 00:00:00,consadole-sapporo,sagan-tosu,1,0,17,1,1,札幌ド,5663,2.5,6.0,1374.0,1340.0,18.0,17.0
27,2020-11-14 00:00:00,gamba-osaka,vegalta-sendai,13,2,2,0,4,パナスタ,11567,1.67,2.0,1453.0,1328.0,-10.0,6.0
27,2020-11-14 00:00:00,yokohama-fa-marinos,urawa-red-diamonds,8,1,4,6,2,日産ス,18148,2.5,7.0,1501.0,1452.0,-8.0,-10.0
27,2020-11-14 00:00:00,kashima-antlers,kawasaki-frontale,3,0,7,1,1,カシマ,13463,0.7,-10.0,1530.0,1628.0,2.0,-15.0
27,2020-11-15 00:00:00,vissel-kobe,shonan-bellmare,15,2,10,0,2,ノエスタ,11232,1.5,2.0,1385.0,1296.0,-23.0,19.0
27,2020-11-15 00:00:00,nagoya-grampus-eight,fc-tokyo,12,1,6,1,0,豊田ス,16709,0.0,-4.0,1411.0,1448.0,2.0,-13.0
30,2020-11-18 00:00:00,kawasaki-frontale,yokohama-fa-marinos,7,1,8,3,1,等々力,11099,1.33,0.0,1628.0,1501.0,-15.0,-8.0
31,2020-11-18 00:00:00,vissel-kobe,urawa-red-diamonds,15,2,4,0,1,ノエスタ,8268,0.67,-5.0,1385.0,1452.0,-23.0,-10.0
32,2020-11-18 00:00:00,vegalta-sendai,fc-tokyo,2,0,6,2,2,ユアスタ,3030,1.73,-1.0,1328.0,1448.0,6.0,-13.0
28,2020-11-21 00:00:00,oita-trinita,kawasaki-frontale,18,1,7,1,0,昭和電ド,9820,0.0,-3.0,1327.0,1628.0,12.0,-15.0
28,2020-11-21 00:00:00,consadole-sapporo,shimizu-s-pulse,1,1,11,5,1,札幌ド,5220,2.0,10.0,1374.0,1329.0,18.0,18.0
28,2020-11-21 00:00:00,kashiwa-reysol,sagan-tosu,5,2,17,1,2,三協Ｆ柏,3784,1.5,2.0,1438.0,1340.0,6.0,17.0
28,2020-11-21 00:00:00,vegalta-sendai,kashima-antlers,2,2,3,1,3,ユアスタ,7487,0.75,-11.0,1328.0,1530.0,6.0,2.0
28,2020-11-21 00:00:00,cerezo-osaka,sanfrecce-hiroshima,14,2,16,0,1,ヤンマー,6625,1.43,3.0,1477.0,1493.0,-10.0,1.0
28,2020-11-21 00:00:00,nagoya-grampus-eight,shonan-bellmare,12,1,10,3,1,豊田ス,15480,1.0,-2.0,1411.0,1296.0,2.0,19.0
28,2020-11-22 00:00:00,urawa-red-diamonds,gamba-osaka,4,2,13,1,2,埼玉,20288,1.12,-4.0,1452.0,1453.0,-10.0,-10.0
29,2020-11-25 00:00:00,kawasaki-frontale,gamba-osaka,7,1,13,5,0,等々力,11360,1.33,0.0,1628.0,1453.0,-15.0,-10.0
29,2020-11-25 00:00:00,oita-trinita,cerezo-osaka,18,2,14,0,1,昭和電ド,3861,1.0,-3.0,1327.0,1477.0,12.0,-10.0
29,2020-11-25 00:00:00,kashima-antlers,kashiwa-reysol,3,2,5,1,4,カシマ,4327,2.5,6.0,1530.0,1438.0,2.0,6.0
29,2020-11-25 00:00:00,shonan-bellmare,sanfrecce-hiroshima,10,0,16,1,1,ＢＭＷス,3182,1.0,-3.0,1296.0,1493.0,19.0,1.0
29,2020-11-25 00:00:00,sagan-tosu,vegalta-sendai,17,2,2,0,1,駅スタ,3694,1.0,-7.0,1340.0,1328.0,17.0,6.0
30,2020-11-28 00:00:00,nagoya-grampus-eight,oita-trinita,12,0,18,0,0,パロ瑞穂,9085,1.0,-3.0,1411.0,1327.0,2.0,12.0
30,2020-11-29 00:00:00,shimizu-s-pulse,shonan-bellmare,11,0,10,1,1,アイスタ,7307,1.75,6.0,1329.0,1296.0,18.0,19.0
30,2020-11-29 00:00:00,kashima-antlers,urawa-red-diamonds,3,1,4,4,0,カシマ,11645,2.12,3.0,1530.0,1452.0,2.0,-10.0
30,2020-11-29 00:00:00,gamba-osaka,sagan-tosu,13,0,17,1,1,パナスタ,10555,2.0,4.0,1453.0,1340.0,-10.0,17.0
26,2020-12-01 00:00:00,vegalta-sendai,kashiwa-reysol,2,2,5,0,2,ユアスタ,2720,2.14,5.0,1335.0,1440.0,7.0,2.0
31,2020-12-05 00:00:00,consadole-sapporo,cerezo-osaka,1,2,14,1,3,札幌ド,8905,0.75,-5.0,1378.0,1476.0,4.0,-1.0
31,2020-12-05 00:00:00,shimizu-s-pulse,kawasaki-frontale,11,0,7,2,2,アイスタ,8730,0.33,-11.0,1335.0,1630.0,6.0,2.0
31,2020-12-05 00:00:00,kashiwa-reysol,nagoya-grampus-eight,5,2,12,0,1,三協Ｆ柏,4991,1.5,0.0,1440.0,1419.0,2.0,8.0
31,2020-12-06 00:00:00,oita-trinita,vegalta-sendai,18,2,2,0,2,昭和電ド,6289,1.5,0.0,1327.0,1335.0,0.0,7.0
31,2020-12-06 00:00:00,shonan-bellmare,gamba-osaka,10,2,13,1,2,ＢＭＷス,6461,0.75,-4.0,1291.0,1451.0,-5.0,-2.0
31,2020-12-12 00:00:00,fc-tokyo,sanfrecce-hiroshima,6,1,16,1,0,味スタ,9755,2.0,4.0,1457.0,1477.0,9.0,-16.0
32,2020-12-12 00:00:00,cerezo-osaka,kashiwa-reysol,14,0,5,0,0,ヤンマー,7889,1.0,-3.0,1476.0,1440.0,-1.0,2.0
32,2020-12-12 00:00:00,nagoya-grampus-eight,yokohama-fc,12,0,9,0,0,パロ瑞穂,10009,1.5,0.0,1419.0,1294.0,8.0,6.0
32,2020-12-12 00:00:00,sagan-tosu,kawasaki-frontale,17,0,7,1,1,駅スタ,9451,0.5,-4.0,1349.0,1630.0,9.0,2.0
32,2020-12-12 00:00:00,kashima-antlers,shimizu-s-pulse,3,1,11,2,0,カシマ,7907,2.67,11.0,1531.0,1335.0,1.0,6.0
32,2020-12-12 00:00:00,urawa-red-diamonds,shonan-bellmare,4,0,10,0,0,埼玉,14847,0.25,-3.0,1435.0,1291.0,-17.0,-5.0
33,2020-12-16 00:00:00,cerezo-osaka,sagan-tosu,14,2,17,1,2,ヤンマー,5498,1.86,2.0,1476.0,1349.0,-1.0,9.0
33,2020-12-16 00:00:00,shimizu-s-pulse,vegalta-sendai,11,2,2,2,3,アイスタ,5023,0.71,-7.0,1335.0,1335.0,6.0,7.0
33,2020-12-16 00:00:00,shonan-bellmare,oita-trinita,10,2,18,1,2,ＢＭＷス,4517,0.25,-3.0,1291.0,1327.0,-5.0,0.0
33,2020-12-16 00:00:00,kawasaki-frontale,urawa-red-diamonds,7,1,4,3,1,等々力,11387,1.67,2.0,1630.0,1435.0,2.0,-17.0
33,2020-12-16 00:00:00,sanfrecce-hiroshima,kashiwa-reysol,16,2,5,0,1,Ｅスタ,4208,0.75,-5.0,1477.0,1440.0,-16.0,2.0
34,2020-12-19 00:00:00,kashiwa-reysol,kawasaki-frontale,5,2,7,2,3,三協Ｆ柏,5137,0.25,-5.0,1440.0,1630.0,2.0,2.0
34,2020-12-19 00:00:00,vegalta-sendai,shonan-bellmare,2,0,10,0,0,ユアスタ,7356,1.67,3.0,1335.0,1291.0,7.0,-5.0
34,2020-12-19 00:00:00,gamba-osaka,shimizu-s-pulse,13,2,11,0,2,パナスタ,15252,1.75,3.0,1451.0,1335.0,-2.0,6.0
34,2020-12-19 00:00:00,kashima-antlers,cerezo-osaka,3,0,14,1,1,カシマ,11251,2.5,6.0,1531.0,1476.0,1.0,-1.0
34,2020-12-19 00:00:00,nagoya-grampus-eight,sanfrecce-hiroshima,12,1,16,1,0,豊田ス,16825,1.83,2.0,1419.0,1477.0,8.0,-16.0
34,2020-12-19 00:00:00,sagan-tosu,oita-trinita,17,0,18,2,2,駅スタ,8966,0.5,-2.0,1349.0,1327.0,9.0,0.0
34,2020-12-19 00:00:00,fc-tokyo,vissel-kobe,6,1,15,1,0,味スタ,14373,1.83,3.0,1457.0,1382.0,9.0,-3.0
