HomeClub,AwayClub,HomeClubID,AwayClubID,Won,Drawn,Lost,Points/M,GF,GA,GD
fc-tokyo,vegalta-sendai,6,2,5,1,1,2.29,13,6,7
fc-tokyo,nagoya-grampus-eight,6,12,1,3,2,1.0,6,7,-1
fc-tokyo,kawasaki-frontale,6,7,1,1,4,0.67,4,12,-8
fc-tokyo,sanfrecce-hiroshima,6,16,3,2,2,1.57,7,6,1
fc-tokyo,kashiwa-reysol,6,5,3,1,2,1.67,8,4,4
fc-tokyo,yokohama-fa-marinos,6,8,3,2,1,1.83,4,2,2
fc-tokyo,urawa-red-diamonds,6,4,0,1,7,0.12,13,24,-11
fc-tokyo,shimizu-s-pulse,6,11,3,1,1,2.0,13,7,6
fc-tokyo,shonan-bellmare,6,10,3,1,1,2.0,6,2,4
fc-tokyo,vissel-kobe,6,15,4,1,2,1.86,12,7,5
fc-tokyo,sagan-tosu,6,17,4,2,2,1.75,10,7,3
fc-tokyo,kashima-antlers,6,3,2,3,4,1.0,11,15,-4
fc-tokyo,cerezo-osaka,6,14,1,1,0,2.0,2,0,2
fc-tokyo,gamba-osaka,6,13,3,2,2,1.57,13,11,2
vegalta-sendai,fc-tokyo,2,6,1,1,5,0.57,6,13,-7
vegalta-sendai,nagoya-grampus-eight,2,12,2,2,3,1.14,10,10,0
vegalta-sendai,kawasaki-frontale,2,7,0,4,4,0.5,6,12,-6
vegalta-sendai,sanfrecce-hiroshima,2,16,1,0,5,0.5,4,13,-9
vegalta-sendai,kashiwa-reysol,2,5,3,2,2,1.57,9,6,3
vegalta-sendai,yokohama-fa-marinos,2,8,3,1,4,1.25,7,9,-2
vegalta-sendai,urawa-red-diamonds,2,4,1,1,4,0.67,10,17,-7
vegalta-sendai,shimizu-s-pulse,2,11,3,0,3,1.5,7,10,-3
vegalta-sendai,shonan-bellmare,2,10,2,2,0,2.0,3,1,2
vegalta-sendai,vissel-kobe,2,15,3,2,3,1.38,13,11,2
vegalta-sendai,sagan-tosu,2,17,2,1,5,0.88,10,13,-3
vegalta-sendai,kashima-antlers,2,3,2,0,5,0.86,6,10,-4
vegalta-sendai,cerezo-osaka,2,14,1,1,0,2.0,4,3,1
vegalta-sendai,gamba-osaka,2,13,1,3,3,0.86,6,11,-5
nagoya-grampus-eight,fc-tokyo,12,6,2,3,1,1.5,7,6,1
nagoya-grampus-eight,vegalta-sendai,12,2,3,2,2,1.57,10,10,0
nagoya-grampus-eight,kawasaki-frontale,12,7,1,1,5,0.57,7,16,-9
nagoya-grampus-eight,sanfrecce-hiroshima,12,16,1,1,4,0.67,7,17,-10
nagoya-grampus-eight,kashiwa-reysol,12,5,3,2,2,1.57,7,8,-1
nagoya-grampus-eight,yokohama-fa-marinos,12,8,3,2,2,1.57,7,7,0
nagoya-grampus-eight,urawa-red-diamonds,12,4,2,0,5,0.86,9,17,-8
nagoya-grampus-eight,shimizu-s-pulse,12,11,2,2,1,1.6,11,9,2
nagoya-grampus-eight,shonan-bellmare,12,10,1,0,4,0.6,6,8,-2
nagoya-grampus-eight,vissel-kobe,12,15,4,0,4,1.5,8,14,-6
nagoya-grampus-eight,sagan-tosu,12,17,0,2,4,0.33,2,6,-4
nagoya-grampus-eight,kashima-antlers,12,3,1,1,5,0.57,8,15,-7
nagoya-grampus-eight,cerezo-osaka,12,14,1,0,1,1.5,3,3,0
nagoya-grampus-eight,gamba-osaka,12,13,2,2,4,1.0,13,16,-3
oita-trinita,yokohama-fc,18,9,1,2,1,1.25,3,3,0
oita-trinita,shonan-bellmare,18,10,0,0,2,0.0,2,7,-5
oita-trinita,cerezo-osaka,18,14,0,1,1,0.5,1,3,-2
kawasaki-frontale,fc-tokyo,7,6,4,1,1,2.17,12,4,8
kawasaki-frontale,vegalta-sendai,7,2,4,4,0,2.0,12,6,6
kawasaki-frontale,nagoya-grampus-eight,7,12,5,1,1,2.29,16,7,9
kawasaki-frontale,sanfrecce-hiroshima,7,16,2,1,3,1.17,6,6,0
kawasaki-frontale,kashiwa-reysol,7,5,1,1,5,0.57,9,18,-9
kawasaki-frontale,yokohama-fa-marinos,7,8,4,1,3,1.62,10,10,0
kawasaki-frontale,urawa-red-diamonds,7,4,2,2,2,1.33,6,6,0
kawasaki-frontale,shimizu-s-pulse,7,11,3,0,2,1.8,11,10,1
kawasaki-frontale,shonan-bellmare,7,10,2,1,1,1.75,10,9,1
kawasaki-frontale,vissel-kobe,7,15,2,3,2,1.29,9,11,-2
kawasaki-frontale,sagan-tosu,7,17,4,2,1,2.0,9,5,4
kawasaki-frontale,kashima-antlers,7,3,3,1,2,1.67,11,9,2
kawasaki-frontale,cerezo-osaka,7,14,3,0,1,2.25,12,9,3
kawasaki-frontale,gamba-osaka,7,13,4,1,3,1.62,15,14,1
sanfrecce-hiroshima,fc-tokyo,16,6,2,2,3,1.14,6,7,-1
sanfrecce-hiroshima,vegalta-sendai,16,2,5,0,1,2.5,13,4,9
sanfrecce-hiroshima,nagoya-grampus-eight,16,12,4,1,1,2.17,17,7,10
sanfrecce-hiroshima,kawasaki-frontale,16,7,3,1,2,1.67,6,6,0
sanfrecce-hiroshima,kashiwa-reysol,16,5,3,3,2,1.5,14,12,2
sanfrecce-hiroshima,yokohama-fa-marinos,16,8,3,1,2,1.67,9,7,2
sanfrecce-hiroshima,urawa-red-diamonds,16,4,2,3,3,1.12,8,11,-3
sanfrecce-hiroshima,shimizu-s-pulse,16,11,3,1,0,2.5,11,3,8
sanfrecce-hiroshima,shonan-bellmare,16,10,2,3,0,1.8,11,5,6
sanfrecce-hiroshima,vissel-kobe,16,15,2,3,1,1.5,8,3,5
sanfrecce-hiroshima,sagan-tosu,16,17,4,2,1,2.0,11,6,5
sanfrecce-hiroshima,kashima-antlers,16,3,0,1,5,0.17,6,19,-13
sanfrecce-hiroshima,cerezo-osaka,16,14,1,1,0,2.0,1,0,1
sanfrecce-hiroshima,gamba-osaka,16,13,1,2,6,0.56,10,17,-7
consadole-sapporo,oita-trinita,1,18,0,2,2,0.5,2,5,-3
consadole-sapporo,yokohama-fc,1,9,2,2,2,1.33,9,6,3
consadole-sapporo,shimizu-s-pulse,1,11,2,0,0,3.0,5,2,3
consadole-sapporo,shonan-bellmare,1,10,1,0,1,1.5,2,2,0
consadole-sapporo,cerezo-osaka,1,14,1,2,1,1.25,3,4,-1
kashiwa-reysol,fc-tokyo,5,6,2,1,3,1.17,4,8,-4
kashiwa-reysol,vegalta-sendai,5,2,2,2,3,1.14,6,9,-3
kashiwa-reysol,nagoya-grampus-eight,5,12,2,2,3,1.14,8,7,1
kashiwa-reysol,kawasaki-frontale,5,7,5,1,1,2.29,18,9,9
kashiwa-reysol,sanfrecce-hiroshima,5,16,2,3,3,1.12,12,14,-2
kashiwa-reysol,yokohama-fa-marinos,5,8,4,2,3,1.56,13,12,1
kashiwa-reysol,urawa-red-diamonds,5,4,2,1,4,1.0,10,14,-4
kashiwa-reysol,shimizu-s-pulse,5,11,2,1,1,1.75,6,4,2
kashiwa-reysol,shonan-bellmare,5,10,0,3,1,0.75,1,4,-3
kashiwa-reysol,vissel-kobe,5,15,5,2,1,2.12,12,6,6
kashiwa-reysol,sagan-tosu,5,17,1,3,3,0.86,9,10,-1
kashiwa-reysol,kashima-antlers,5,3,4,0,2,2.0,11,8,3
kashiwa-reysol,cerezo-osaka,5,14,1,0,1,1.5,2,3,-1
kashiwa-reysol,gamba-osaka,5,13,5,0,1,2.5,9,6,3
yokohama-fc,oita-trinita,9,18,1,2,1,1.25,3,3,0
yokohama-fc,shimizu-s-pulse,9,11,0,0,2,0.0,0,5,-5
yokohama-fc,shonan-bellmare,9,10,0,0,2,0.0,2,7,-5
yokohama-fc,cerezo-osaka,9,14,1,2,1,1.25,4,5,-1
yokohama-fa-marinos,fc-tokyo,8,6,1,2,3,0.83,2,4,-2
yokohama-fa-marinos,vegalta-sendai,8,2,4,1,3,1.62,9,7,2
yokohama-fa-marinos,nagoya-grampus-eight,8,12,2,2,3,1.14,7,7,0
yokohama-fa-marinos,kawasaki-frontale,8,7,3,1,4,1.25,10,10,0
yokohama-fa-marinos,sanfrecce-hiroshima,8,16,2,1,3,1.17,7,9,-2
yokohama-fa-marinos,kashiwa-reysol,8,5,3,2,4,1.22,12,13,-1
yokohama-fa-marinos,urawa-red-diamonds,8,4,1,2,3,0.83,6,5,1
yokohama-fa-marinos,shimizu-s-pulse,8,11,4,0,1,2.4,7,3,4
yokohama-fa-marinos,shonan-bellmare,8,10,2,1,1,1.75,7,2,5
yokohama-fa-marinos,vissel-kobe,8,15,4,2,1,2.0,12,9,3
yokohama-fa-marinos,sagan-tosu,8,17,4,1,2,1.86,9,7,2
yokohama-fa-marinos,kashima-antlers,8,3,0,1,5,0.17,3,12,-9
yokohama-fa-marinos,cerezo-osaka,8,14,0,2,0,1.0,2,2,0
yokohama-fa-marinos,gamba-osaka,8,13,2,5,1,1.38,10,9,1
urawa-red-diamonds,fc-tokyo,4,6,7,1,0,2.75,24,13,11
urawa-red-diamonds,vegalta-sendai,4,2,4,1,1,2.17,17,10,7
urawa-red-diamonds,nagoya-grampus-eight,4,12,5,0,2,2.14,17,9,8
urawa-red-diamonds,kawasaki-frontale,4,7,2,2,2,1.33,6,6,0
urawa-red-diamonds,sanfrecce-hiroshima,4,16,3,3,2,1.5,11,8,3
urawa-red-diamonds,kashiwa-reysol,4,5,4,1,2,1.86,14,10,4
urawa-red-diamonds,yokohama-fa-marinos,4,8,3,2,1,1.83,5,6,-1
urawa-red-diamonds,shimizu-s-pulse,4,11,3,1,0,2.5,10,3,7
urawa-red-diamonds,shonan-bellmare,4,10,4,0,0,3.0,10,2,8
urawa-red-diamonds,vissel-kobe,4,15,4,2,2,1.75,19,12,7
urawa-red-diamonds,sagan-tosu,4,17,2,3,1,1.5,10,4,6
urawa-red-diamonds,kashima-antlers,4,3,3,2,1,1.83,8,7,1
urawa-red-diamonds,cerezo-osaka,4,14,1,0,1,1.5,1,1,0
urawa-red-diamonds,gamba-osaka,4,13,4,0,3,1.71,8,6,2
shimizu-s-pulse,fc-tokyo,11,6,1,1,3,0.8,7,13,-6
shimizu-s-pulse,vegalta-sendai,11,2,3,0,3,1.5,10,7,3
shimizu-s-pulse,nagoya-grampus-eight,11,12,1,2,2,1.0,9,11,-2
shimizu-s-pulse,kawasaki-frontale,11,7,2,0,3,1.2,10,11,-1
shimizu-s-pulse,sanfrecce-hiroshima,11,16,0,1,3,0.25,3,11,-8
shimizu-s-pulse,kashiwa-reysol,11,5,1,1,2,1.0,4,6,-2
shimizu-s-pulse,yokohama-fc,11,9,2,0,0,3.0,5,0,5
shimizu-s-pulse,yokohama-fa-marinos,11,8,1,0,4,0.6,3,7,-4
shimizu-s-pulse,urawa-red-diamonds,11,4,0,1,3,0.25,3,10,-7
shimizu-s-pulse,shonan-bellmare,11,10,0,0,2,0.0,1,6,-5
shimizu-s-pulse,vissel-kobe,11,15,2,1,3,1.17,7,13,-6
shimizu-s-pulse,sagan-tosu,11,17,0,3,2,0.6,4,7,-3
shimizu-s-pulse,kashima-antlers,11,3,1,1,3,0.8,5,9,-4
shimizu-s-pulse,cerezo-osaka,11,14,2,0,2,1.5,6,7,-1
shimizu-s-pulse,gamba-osaka,11,13,1,0,4,0.6,3,11,-8
shonan-bellmare,fc-tokyo,10,6,1,1,3,0.8,2,6,-4
shonan-bellmare,vegalta-sendai,10,2,0,2,2,0.5,1,3,-2
shonan-bellmare,nagoya-grampus-eight,10,12,4,0,1,2.4,8,6,2
shonan-bellmare,oita-trinita,10,18,2,0,0,3.0,7,2,5
shonan-bellmare,kawasaki-frontale,10,7,1,1,2,1.0,9,10,-1
shonan-bellmare,sanfrecce-hiroshima,10,16,0,3,2,0.6,5,11,-6
shonan-bellmare,kashiwa-reysol,10,5,1,3,0,1.5,4,1,3
shonan-bellmare,yokohama-fc,10,9,2,0,0,3.0,7,2,5
shonan-bellmare,yokohama-fa-marinos,10,8,1,1,2,1.0,2,7,-5
shonan-bellmare,urawa-red-diamonds,10,4,0,0,4,0.0,2,10,-8
shonan-bellmare,shimizu-s-pulse,10,11,2,0,0,3.0,6,1,5
shonan-bellmare,vissel-kobe,10,15,0,2,3,0.4,3,8,-5
shonan-bellmare,sagan-tosu,10,17,2,2,1,1.6,6,5,1
shonan-bellmare,kashima-antlers,10,3,3,0,2,1.8,7,8,-1
shonan-bellmare,gamba-osaka,10,13,0,1,3,0.25,4,8,-4
vissel-kobe,fc-tokyo,15,6,2,1,4,1.0,7,12,-5
vissel-kobe,vegalta-sendai,15,2,3,2,3,1.38,11,13,-2
vissel-kobe,nagoya-grampus-eight,15,12,4,0,4,1.5,14,8,6
vissel-kobe,kawasaki-frontale,15,7,2,3,2,1.29,11,9,2
vissel-kobe,sanfrecce-hiroshima,15,16,1,3,2,1.0,3,8,-5
vissel-kobe,kashiwa-reysol,15,5,1,2,5,0.62,6,12,-6
vissel-kobe,yokohama-fa-marinos,15,8,1,2,4,0.71,9,12,-3
vissel-kobe,urawa-red-diamonds,15,4,2,2,4,1.0,12,19,-7
vissel-kobe,shimizu-s-pulse,15,11,3,1,2,1.67,13,7,6
vissel-kobe,shonan-bellmare,15,10,3,2,0,2.2,8,3,5
vissel-kobe,sagan-tosu,15,17,2,3,2,1.29,14,9,5
vissel-kobe,kashima-antlers,15,3,5,1,4,1.6,16,14,2
vissel-kobe,cerezo-osaka,15,14,1,1,0,2.0,4,3,1
vissel-kobe,gamba-osaka,15,13,2,2,5,0.89,7,17,-10
sagan-tosu,fc-tokyo,17,6,2,2,4,1.0,7,10,-3
sagan-tosu,vegalta-sendai,17,2,5,1,2,2.0,13,10,3
sagan-tosu,nagoya-grampus-eight,17,12,4,2,0,2.33,6,2,4
sagan-tosu,kawasaki-frontale,17,7,1,2,4,0.71,5,9,-4
sagan-tosu,sanfrecce-hiroshima,17,16,1,2,4,0.71,6,11,-5
sagan-tosu,kashiwa-reysol,17,5,3,3,1,1.71,10,9,1
sagan-tosu,yokohama-fa-marinos,17,8,2,1,4,1.0,7,9,-2
sagan-tosu,urawa-red-diamonds,17,4,1,3,2,1.0,4,10,-6
sagan-tosu,shimizu-s-pulse,17,11,2,3,0,1.8,7,4,3
sagan-tosu,shonan-bellmare,17,10,1,2,2,1.0,5,6,-1
sagan-tosu,vissel-kobe,17,15,2,3,2,1.29,9,14,-5
sagan-tosu,kashima-antlers,17,3,2,0,5,0.86,4,13,-9
sagan-tosu,cerezo-osaka,17,14,2,0,0,3.0,2,0,2
sagan-tosu,gamba-osaka,17,13,3,1,3,1.43,8,10,-2
kashima-antlers,fc-tokyo,3,6,4,3,2,1.67,15,11,4
kashima-antlers,vegalta-sendai,3,2,5,0,2,2.14,10,6,4
kashima-antlers,nagoya-grampus-eight,3,12,5,1,1,2.29,15,8,7
kashima-antlers,kawasaki-frontale,3,7,2,1,3,1.17,9,11,-2
kashima-antlers,sanfrecce-hiroshima,3,16,5,1,0,2.67,19,6,13
kashima-antlers,kashiwa-reysol,3,5,2,0,4,1.0,8,11,-3
kashima-antlers,yokohama-fa-marinos,3,8,5,1,0,2.67,12,3,9
kashima-antlers,urawa-red-diamonds,3,4,1,2,3,0.83,7,8,-1
kashima-antlers,shimizu-s-pulse,3,11,3,1,1,2.0,9,5,4
kashima-antlers,shonan-bellmare,3,10,2,0,3,1.2,8,7,1
kashima-antlers,vissel-kobe,3,15,4,1,5,1.3,14,16,-2
kashima-antlers,sagan-tosu,3,17,5,0,2,2.14,13,4,9
kashima-antlers,cerezo-osaka,3,14,1,0,1,1.5,4,3,1
kashima-antlers,gamba-osaka,3,13,3,0,5,1.12,11,12,-1
cerezo-osaka,fc-tokyo,14,6,0,1,1,0.5,0,2,-2
cerezo-osaka,vegalta-sendai,14,2,0,1,1,0.5,3,4,-1
cerezo-osaka,nagoya-grampus-eight,14,12,1,0,1,1.5,3,3,0
cerezo-osaka,oita-trinita,14,18,1,1,0,2.0,3,1,2
cerezo-osaka,kawasaki-frontale,14,7,1,0,3,0.75,9,12,-3
cerezo-osaka,sanfrecce-hiroshima,14,16,0,1,1,0.5,0,1,-1
cerezo-osaka,kashiwa-reysol,14,5,1,0,1,1.5,3,2,1
cerezo-osaka,yokohama-fc,14,9,1,2,1,1.25,5,4,1
cerezo-osaka,yokohama-fa-marinos,14,8,0,2,0,1.0,2,2,0
cerezo-osaka,urawa-red-diamonds,14,4,1,0,1,1.5,1,1,0
cerezo-osaka,shimizu-s-pulse,14,11,2,0,2,1.5,7,6,1
cerezo-osaka,vissel-kobe,14,15,0,1,1,0.5,3,4,-1
cerezo-osaka,sagan-tosu,14,17,0,0,2,0.0,0,2,-2
cerezo-osaka,kashima-antlers,14,3,1,0,1,1.5,3,4,-1
cerezo-osaka,gamba-osaka,14,13,0,1,1,0.5,2,4,-2
gamba-osaka,fc-tokyo,13,6,2,2,3,1.14,11,13,-2
gamba-osaka,vegalta-sendai,13,2,3,3,1,1.71,11,6,5
gamba-osaka,nagoya-grampus-eight,13,12,4,2,2,1.75,16,13,3
gamba-osaka,kawasaki-frontale,13,7,3,1,4,1.25,14,15,-1
gamba-osaka,sanfrecce-hiroshima,13,16,6,2,1,2.22,17,10,7
gamba-osaka,kashiwa-reysol,13,5,1,0,5,0.5,6,9,-3
gamba-osaka,yokohama-fa-marinos,13,8,1,5,2,1.0,9,10,-1
gamba-osaka,urawa-red-diamonds,13,4,3,0,4,1.29,6,8,-2
gamba-osaka,shimizu-s-pulse,13,11,4,0,1,2.4,11,3,8
gamba-osaka,shonan-bellmare,13,10,3,1,0,2.5,8,4,4
gamba-osaka,vissel-kobe,13,15,5,2,2,1.89,17,7,10
gamba-osaka,sagan-tosu,13,17,3,1,3,1.43,10,8,2
gamba-osaka,kashima-antlers,13,3,5,0,3,1.88,12,11,1
gamba-osaka,cerezo-osaka,13,14,1,1,0,2.0,4,2,2
